Benchmark,cloc,nullaway,nullaway-wpi,nullaway-annotator,nullaway-nullgtn,cf,cf-wpi,cf-annotator,cf-nullgtn,#annot-wpi,#annot-annotator,#annot-nullgtn
url29ae058134_yuriy_chumak_jatha_tgz-pJ8-org_jatha_LispJ8,7129,103,86,15,258,146,66,63,389,-/-,160,147
url9d32402837_dusan_rychnovsky_chess_endgames_tgz-pJ8-cz_dusanrychnovsky_chessendgames_core_strategies_PrecomputedValuesJ8,2641,11,28,8,27,60,365,59,80,59/468,17,18
url0067cdd33d_goldolphin_Mi_tgz-pJ8-mi_regex_CommonJ8,3931,63,10,9,145,78,10,29,224,-/-,89,79
url708d477f92_zSakare_SENG3011_tgz-pJ8-test_runner_TestRunnerJ8,2272,59,15,10,55,124,303,84,126,115/485,126,9
url47e6aca666_pocorall_automaton_tgz-pJ8-net_pocorall_automaton_DatatypesJ8,4635,67,11,35,77,89,11,136,109,-/-,38,14
url7a45f192ca_mfullen_ping_pong_net_tgz-pJ8-ping_pong_net_client_io_TestClientNonPPNServerJ8,6013,151,4,39,196,-,-,0,-,-/-,126,231
url61db808cfe_ctriposs_bigcache_tgz-pJ8-com_ctriposs_bigcache_BigCacheStressTestJ8,3684,38,15,2,2,73,515,54,159,26/479,-,-
url9d1719148e_mrqsdavi_pegmachine_tgz-pJ8-peg_RegexJ8,2864,80,69,45,88,218,589,206,233,111/542,82,12
url46a88cc932_toby1984_tinyc_tgz-pJ8-de_codesourcery_dcpu16_compiler_CompilerJ8,8760,105,33,24,283,132,33,62,387,-/-,108,219
url027b37a4db_ctriposs_bigmap_tgz-pJ8-com_ctriposs_bigmap_LimitTestJ8,3384,45,2,23,51,56,2,485,170,-/-,35,21
url0e7d57473a_kyorohiro_HetimaUtil_tgz-pJ8-net_hetimatan_net_http_HttpServer3xxJ8,8062,203,143,100,416,222,1503,178,595,172/1664,175,266
url58b12a0c74_tatianaslod_daooTP_tgz-pJ8-tp1_MainTp1J8,1440,5,3,0,27,17,171,17,28,-/-,11,11
url8d1df200a8_gilleain_signatures_tgz-pJ8-signature_chemistry_LargeMoleculeTestJ8,5494,38,53,21,65,79,787,66,126,45/1102,29,50
urlb5d5be4365_abmargb_oursim_ext_tgz-pJ8-br_edu_ufcg_lsd_oursim_experiments_RemoteNoFScenarioGeneratorJ8,10352,107,341,41,224,156,1387,192,289,202/1928,107,66
url58e9ba4d92_novokrest_DrunkardGame_tgz-pJ8-DrunkardGame_MainJ8,1314,10,-,0,0,23,-,0,0,-/-,-,-
url65a69497a4_sweider_BankSystem_JavaLab8_tgz-pJ8-banksystem_lab4_LauncherJ8,773,7,6,5,15,13,144,11,21,6/201,5,6
url64700e9ab7_dwicke_course_scheduler_tgz-pJ8-org_json_TestJ8,8827,154,95,31,194,270,938,242,321,128/1343,123,45
url6f34cc586e_mekku93_sxl_interpreter_repl_tgz-pJ8-com_miguel_sxl_SXLJ8,6551,122,-,0,0,148,-,0,0,-/-,-,-
urld558a3d988_gao715108023_resourceMonitor_tgz-pJ8-com_sinopec_agent_AgentJ8,3227,63,4,25,107,89,4,72,223,-/-,92,28
url0f7f8f6435_TimmiTBy_Epam_tgz-pJ8-com_epam_electricalappliance_RunnerJ8,547,1,0,0,0,4,98,3,4,4/117,2,0
urld025f21ac3_mvattipulusu_Innovation2013_tgz-pJ8-com_usps_data_ManifestFileTestJ8,11606,322,182,10,334,378,2933,71,394,886/4207,1246,25
url8d3c4d17f5_catseye_JaC64_tgz-pJ8-JaC64J8,18382,83,132,47,124,225,3782,209,359,91/2806,64,99
url6dc6a3bff8_JasonxJiang_PokemonEvolutionaryAlgorithm_tgz-pJ8-ee_ea_pkg1_EEEA1J8,4611,27,16,5,32,46,855,286,75,26/661,22,6
url3010dbde70_nbartlett_Sequence_Memoizer_tgz-pJ8-edu_columbia_stat_wood_pub_sequencememoizer_IntSequenceMemoizerJ8,3355,27,43,19,78,40,688,40,116,28/479,13,18
url78f6619d18_IntersectAustralia_rifcs_tgz-pJ8-org_ands_rifcs_example_SampleRIFCSBuildCollectionJ8,4289,57,113,13,63,231,473,202,240,111/915,59,40
urlcdd0c1ab49_emiln_JHouseFireExplorer_tgz-pJ8-dk_brics_automaton_DatatypesJ8,6127,59,32,34,69,108,32,88,121,-/-,35,22
url39209c0557_au_research_ANDS_RIFCS_API_tgz-pJ8-org_ands_rifcs_example_SampleRIFCSBuildCollectionV1Dot6Number1J8,5307,200,149,17,459,353,552,180,716,132/1047,82,63
urlfaa9045c2e_Azmisov_racko_ai_tgz-pJ8-client_TestingJ8,3583,53,33,27,90,90,786,73,150,31/746,23,49
url47af6b1535_rolandotr_db_comparison_tgz-pJ8-methodology_HistoryJ8,5068,19,-,0,0,46,-,0,0,-/-,-,-
url4df616fce9_s3e0n1g1_prototype3_tgz-pJ8-Trading_Engine_MainJ8,4145,40,2,17,51,161,2,202,190,-/-,72,15
url74761fd9a6_cstriker1407_design_pattern_tgz-pJ8-yeah_cstriker1407_design_patterns_MainJ8,1327,7,11,3,18,7,11,18,18,-/-,4,8
urldeb33fd2fa_friedemann_distripedia_tgz-pJ8-org_json_TestJ8,7469,94,-,0,0,198,-,0,0,-/-,-,-
url36deadcd05_SCass1986_spawncamping_cyril_tgz-pJ8-org_stephen_hashmap_MainJ8,945,13,10,6,39,24,191,16,55,27/279,23,33
url6f0c51b1b4_TheFakeMontyOnTheRun_open688_tgz-pJ8-br_odb_open688_app_Open688ServerJ8,1268,18,17,6,21,39,328,33,44,9/350,18,9
url0c7746c72b_wsuetholz_DiscountStrategy_tgz-pJ8-net_suetholz_pos_MainJ8,1459,13,8,2,74,47,307,42,109,77/454,15,51
urld5c972ef81_noxx90_jflam_tgz-pJ8-fr_noxx90_jflam_BenchmarkJ8,847,5,3,2,10,9,181,6,27,4/242,4,11
urlfeea716362_ymnk_jzlib_tgz-pJ8-test_large_deflate_inflateJ8,5290,60,109,44,148,69,1572,70,203,50/1083,17,31
url063b9533f6_karlney_tetris_ai_tgz-pJ8-karlney_tetris_cmd_TetrisGameRunnerJ8,1903,7,14,2,20,23,364,21,51,15/504,18,23
urldd9e4ada6f_kirillF_sample_jenkins_project_tgz-pJ8-com_bigfatplayer_hello_AppJ8,2741,43,20,19,49,59,475,55,79,46/666,37,21
url866860ad1a_forax_lambda_perf_tgz-pJ8-perf_TestJ8,2199,37,-,77,77,117,-,77,77,-/-,-,-
url73e3057d61_empeeoh_BACnet4J_tgz-pJ8-com_serotonin_bacnet4j_test_OverflowTestJ8,29770,923,337,0,0,1187,4254,421,1395,483/4993,-,-
url284ba87ea1_swabhs_forbidden_paths_tgz-pJ8-tagging_hypergraph_TaggingHypergraphGeneratorJ8,3576,129,103,41,129,144,553,93,150,78/614,57,9
url52422c4052_AtorVdm_Patterns_tgz-pJ8-patterns_MainJ8,1780,15,35,10,34,27,35,22,47,-/-,22,14
urlaa914a1de2_xu_hao_erilex_tgz-pJ8-erilex_esl_ESLJ8,6692,185,136,57,338,309,1029,261,539,209/1780,227,97
url89cafed56a_AlexDiru_esper_compiler_final_tgz-pJ8-compiler_ProgramJ8,2953,26,25,5,27,6,75,11,6,5/159,52,0
url901cc5721b_shidasan_KonohaCoffee_tgz-pJ8-org_KonohaScript_KonohaJ8,2896,109,17,27,140,133,17,67,178,-/-,91,124
urlb879d9e865_ogotalski_elevator_tgz-pJ8-ElevatorTaskJ8,1263,9,3,5,9,52,289,49,54,8/289,9,4
url6544f14c72_charles_d_burton_java_websocket_example_tgz-pJ8-minewebsocket_MineWebSocketJ8,4593,89,5,40,206,112,6,95,326,-/-,91,151
urlc7e4b8c1f2_normchan_craps_simulator_tgz-pJ8-normchan_crapssim_SimulatorJ8,2206,17,3,6,28,44,393,35,64,16/457,14,13
url8012c8d031_dmbb966_BBMS_tgz-pJ8-testbed_JNEATtestJ8,12722,119,73,73,135,186,1902,220,293,66/1998,72,102
urlb3290c8e9e_craigonic_jasl_tgz-pJ8-DriverJ8,2339,19,5,9,14,25,390,20,27,14/414,17,13
urldec84b8592_pcpratts_git_bisect_lab_tgz-pJ8-edu_syr_bytecast_interp_amd64_AMD64ExecutionEngineJ8,1710,32,28,8,32,37,214,26,37,25/268,5,8
url9d04094941_petermikitsh_PizzaDeliverySystem_tgz-pJ8-testdrivers_ManagerReportTestDriverJ8,11040,156,51,108,295,276,52,308,511,-/-,92,269
url9e7e48285f_nalbachk_MidiToPhaseShift_tgz-pJ8-com_my_main_MainJ8,2125,37,-,32,32,79,-,32,32,-/-,-,-
urld0f681c558_farom57_AstroidDriver_tgz-pJ8-laazotea_indi_server_examples_MinimumINDIServerJ8,7729,136,2,39,186,303,2,224,391,-/-,63,105
urldae1c57e59_mustafaakin_izuna_mapeditor_tgz-pJ8-in_mustafaak_izuna_actions_ActionTestJ8,1367,22,6,2,28,38,161,19,44,37/256,35,8
urlae87f3aacb_kamanov_Drunkard_tgz-pJ8-ru_spbau_amanov_drunkard_ApplicationJ8,765,9,8,6,27,13,161,11,32,25/249,12,24
url2e4fca7217_mark_lacdao_RPGClient_tgz-pJ8-org_nerv_rpgclient_MainJ8,581,18,18,5,17,19,92,7,18,24/183,33,2
urle27f76cced_iconmaster5326_HPPPlus_tgz-pJ8-com_iconmaster_hppplus_HPPPlusJ8,2944,87,6,51,175,115,6,80,273,-/-,184,86
urlfd018a75f7_highlanderkev_StockExVirtuoso_tgz-pJ8-driver_Phase4J8,5645,50,83,33,95,188,759,190,282,234/1174,129,113
urlcbcf8d4d58_vikaleshch_task1_tgz-pJ8-by_epam_christmasgift_main_MainJ8,580,4,4,3,3,25,149,24,24,17/166,8,1
urla05239b71c_viniciusinnovatium_mumps2java_api_tgz-pJ8-com_disclinc_netmanager_script_test_ExecTesteNewJ8,5972,145,21,46,177,215,21,361,343,-/-,179,32
url8db16c7d62_Arsaell_EdT_tgz-pJ8-DATA_MainJ8,4496,60,73,16,90,458,928,469,494,53/681,57,9
url270fc4f5ee_ykcilborw_Joust_tgz-pJ8-fri_patterns_interpreter_parsergenerator_examples_HowToOverrideLexerImplJ8,12573,149,89,11,95,389,1350,222,1061,369/1977,-,74
url835a90ed59_aschi_regularLanguages_tgz-pJ8-ch_zhaw_regularLanguages_evolution_runners_EvolvingLocalDivisable5LanguageJ8,4140,52,47,20,67,93,443,91,123,60/464,54,32
url79f898233e_tombrus_jvthundred_tgz-pJ8-com_tombrus_vthundred_test_screen_BorderJ8,3165,19,15,7,117,33,640,30,133,25/791,20,26
urlfd6bd5edbe_AntonPoznyak_LogFileGenerator_tgz-pJ8-logfilegen_StartMePleaseJ8,1214,10,19,5,12,10,134,11,12,37/273,22,1
url80e7c3d65d_sblit_dcl_tgz-pJ8-org_dclayer_DCLJ8,15458,307,731,130,633,439,740,340,931,-/-,371,338
url18cf99526f_anasbenis_MiniProjetMay_tgz-pJ8-test_MainJ8,2126,31,31,30,34,1 error,113,9,4,0/302,111,3
url7315374482_toby1984_3dtest_tgz-pJ8-de_codesourcery_engine_Test3DJ8,3121,14,46,11,31,21,467,23,41,21/638,14,13
url6da19b5a7a_krakrak_Adventure_Game_tgz-pJ8-adventure_MainJ8,3744,125,63,16,122,126,63,55,147,-/-,64,117
url57668a8619_Datomic_fressian_tgz-pJ8-org_fressian_ExamplesJ8,2695,20,42,4,65,34,485,22,111,103/652,31,53
url9ba68db77a_samkio_Dungeonator_tgz-pJ8-net_woopa_dungeon_core_Main2J8,1551,16,26,9,28,30,287,23,55,28/326,28,13
urlfc1c29991b_nil_mish_InJava_tgz-pJ8-edu_usc_cs_nsl_indexing_test_TestTrieProtoJ8,2415,51,46,23,48,79,359,56,79,50/405,36,12
url5997ccb760_JANNLab_JANNLab_tgz-pJ8-de_jannlab_examples_recurrent_SequentialXorExampleJ8,7177,62,85,62,193,76,1736,76,293,94/1736,0,83
urld58fd5e7a9_longrm_weibo_robot_tgz-pJ8-weibo4j_org_json_TestJ8,10032,177,-,6,6,326,-,6,6,-/-,-,-
url6a9f553762_Bresiu_socket_io_tgz-pJ8-MainJ8,3243,83,17,25,116,138,457,100,180,49/678,84,36
urle381b6cba7_IkarosKappler_ikrs_http_tgz-pJ8-ikrs_json_rpc_JSONRPCHandlerJ8,17251,241,142,0,0,363,142,162,302,-/-,-,-
url2f44efcfa6_wangyudong_sohutw_java_sdk_2_0_tgz-pJ8-com_sohu_t_api_sdk_json_TestJ8,6721,126,-,3,3,194,-,3,3,-/-,-,-
urlead5353366_Zeldon_BigData_Class_tgz-pJ8-LocalTestsJ8,3937,48,51,6,59,96,51,6,151,-/-,-,39
url054c08669f_jules2689_CSI4124_tgz-pJ8-SMThemeParkExperi3J8,1226,5,0,3,5,31,421,29,31,2/249,3,0
url7507f7ef16_Neuro17_jsongkick_tgz-pJ8-jsongkick_AppJ8,1090,40,36,28,42,36,143,34,42,46/239,46,10
url5a01f2c1d9_core9_core_tgz-pJ8-io_core9_core_boot_BootstrapFrameworkJ8,4387,94,280,30,101,166,293,85,182,-/-,84,59
urlc175f05cb8_mchllbrt_PermCode_tgz-pJ8-permlib_examples_UniversalSeparableJ8,20519,167,191,73,360,366,2597,322,728,225/3345,113,172
url696d9a93c9_liaosiwei_bayesnetwork_tgz-pJ8-tutorial_TutorialJ8,3627,56,12,4,11,92,800,108,160,40/908,26,38
urld73c47f3e5_lindenb_dataindexer_tgz-pJ8-test_github_lindenb_dataindexer_SimpleIntegerJ8,1828,29,34,20,49,34,279,34,66,37/337,31,28
url28dfd00382_byang223_TurnBAPI_tgz-pJ8-units_upgrades_UpgradeTestJ8,6971,135,70,39,74,553,1747,572,700,190/1780,151,67
url7b90c1010b_DastanIqbal_HelloZMQwithJava_tgz-pJ8-ClientJ8,9813,238,151,64,226,303,2337,285,558,290/2357,221,141
url1cbaffb197_foxking0416_AlgorithmTraining_tgz-pJ8-algorithm_leetcode_MainLeetJ8,7095,69,-,0,0,84,-,0,0,-/-,-,-
url86e9087e81_JohnPease_557_HW3_tgz-pJ8-uwm_cs557_Sample4J8,1909,12,28,9,26,53,456,51,68,11/335,11,8
url9e019a0ee9_elfrasco_design_principles_tgz-pJ8-ar_com_epidataconsulting_principles_ioc_before_SavePredictiveEngineProjectServiceJ8,2315,129,20,13,137,143,270,86,154,104/528,135,18
url89849c8c5b_timmolter_XChart_tgz-pJ8-org_knowm_xchart_standalone_Example1J8,9750,121,0,32,160,244,919,272,323,-/-,89,37
url28f181064f_simonjupp_java_skos_api_tgz-pJ8-example_CreateSKOSExampleJ8,3572,60,14,0,96,63,497,0,132,75/1087,-,23
urlc5fdb179cc_lagodiuk_evo_neural_network_agents_tgz-pJ8-com_lagodiuk_agent_evolution_MainJ8,1897,29,-,54,54,48,-,54,54,-/-,-,-
url3c955055f0_dirkzhang_antlr_expressionEngine_tgz-pJ8-expression_DirkExpTestJ8,2980,26,8,3,76,47,426,74,97,56/516,43,27
url90b6689baa_adsonrocha_PD321_tgz-pJ8-MyFuzzyLiteClassJ8,7807,67,55,26,81,125,760,111,209,112/1253,75,32
url97f33aa931_wnr_Othello_tgz-pJ8-kth_game_othello_tournament_MainJ8,2466,56,-,0,0,78,-,0,0,-/-,-,-
urlb7d18764c0_steveliles_health_tgz-pJ8-com_sjl_health_SampleConfigurationJ8,1756,25,13,7,43,164,13,154,194,-/-,78,39
urleb43757003_Origraena_mas_platform_tgz-pJ8-ori_MainJ8,1916,72,74,81,103,72,279,81,114,128/459,5,42
url7f729337e3_timmolter_Sundial_tgz-pJ8-org_knowm_sundial_SampleRunJ8,6853,125,41,35,236,180,42,158,371,-/-,199,132
url27a7ae3508_serkan_ozal_ocean_of_memories_tgz-pJ8-com_zeroturnaround_rebellabs_oceanofmemories_article1_objectlayout_ObjectMemoryLayoutDemoJ8,4139,43,-,4,4,71,-,4,4,-/-,-,-
url4192078a2f_unsegnor_hipotetizador_tgz-pJ8-hipotetizador_MedirTiemposJ8,2601,27,39,16,26,43,351,32,48,34/464,38,8
urld829b80034_wjch111_PTSP2013Wang_tgz-pJ8-controllers_momcts_momctsCore_TestPlannerJ8,10187,136,48,2,2,277,526,2,2,25/459,-,-
urlbc3e98d97e_jmhorjus_EFCP_Implementation_tgz-pJ8-UDPConnector_UdpConnectorTestJ8,1302,19,15,13,31,24,267,27,42,12/224,8,9
url026791d51b_dhleong_SeriesTracker_v6_tgz-pJ8-stv6_SeriesTrackerJ8,5955,102,2,37,208,158,2,105,327,-/-,116,133
url882f91ec97_WenboCao_Microsoft_Drone_tgz-pJ8-org_ejml_alg_dense_decomposition_qr_StabilityQRDecompositionJ8,35569,367,37,13,123,408,37,232,732,-/-,152,123
url53f943c5cb_Praznat_AGP_tgz-pJ8-AMath_TestingJ8,16262,215,325,112,446,388,325,397,713,-/-,203,161
url400631cdd0_ludaiqian_appliedxml_tgz-pJ8-test_simples_TestJ8,5612,186,94,3,37,256,94,119,407,-/-,255,57
url93da129d40_marioskogias_blkin_hadoop_tgz-pJ8-mythrift_MyZipkinThriftJ8,2683,59,24,23,54,68,354,95,84,47/441,42,7
urla67b38dd7b_Coolhand2_DnD_AttributeGui_tgz-pJ8-dnd_attributegui_DnDAttributeGuiJ8,1433,1,0,0,0,17,267,17,17,2/215,3,0
url2bc31e3489_ramonli_RabbitMQResearch_tgz-pJ8-com_mpos_lottery_te_thirdpartyservice_amqp_protobuf_CancellationMessagePulisherJ8,5733,50,35,28,47,123,1111,111,127,119/1120,56,17
url64d634b8f0_agdturner_generic_tgz-pJ8-uk_ac_leeds_ccg_andyt_generic_visualisation_charts_Generic_BarChartJ8,24600,161,96,62,177,288,1367,316,419,143/2545,118,94
url2892692420_mikaello_inf3110_oblig1_tgz-pJ8-inf3110_oblig1_Inf3110_oblig1J8,1223,9,40,6,6,19,169,16,16,28/259,6,3
url86119f019a_solzy_hive_parse_tgz-pJ8-org_apache_hadoop_hive_ql_parse_MainJ8,53496,594,-,2,594,4,-,4,-,-/-,546,0
url458e40ff41_mmacfadden_java_baldwin_ga_tgz-pJ8-edu_sdsu_cs652_si_baldwin_SimulationEngineJ8,1002,4,5,3,4,11,245,10,11,8/245,7,1
urla42f49a9b2_dpjayasekara_crypthouse_tgz-pJ8-vehiclesc_VehicleSCJ8,1439,15,82,11,13,46,485,47,50,27/359,10,4
url1a745d67fc_sobercheg_InterviewTraining_tgz-pJ8-leetcode_oj_Solution2TestJ8,8722,176,140,59,305,212,1034,117,518,80/1519,92,22
url416ee5b4ee_martinmarinov_HonProj_tgz-pJ8-martin_gui_MainJ8,5518,68,0,18,124,155,0,114,285,-/-,67,100
url1a41b8e9f2_mr1azl_INF345_tgz-pJ8-TestParserJ8,10735,173,59,173,0,269,1456,269,0,243/1734,0,-
url4913e7683c_pusuo_patchca_tgz-pJ8-org_patchca_demo_PatchcaFilterDemoPNGJ8,1608,19,6,10,25,36,367,35,69,26/436,28,17
url29d9f49ba9_frankrefischer_STTRJ_tgz-pJ8-startrekj_STTR1J8,2447,11,3,7,10,12,4,10,13,-/-,7,3
url74c52881d6_AndrewBourgeois_JGWCAConstants_tgz-pJ8-be_demmel_fun_jgwcaconstants_Tutorial4J8,3213,26,16,15,28,28,726,26,30,18/1060,27,4
urlefa3b0a07b_jhngzhu_Database_RelationalOperator_tgz-pJ8-tests_ROTestJ8,1979,62,54,42,64,88,519,93,90,61/428,33,3
url2b521cbda7_eobermuhlner_jhuge_tgz-pJ8-ch_obermuhlner_jhuge_example_MeasureHeapJ8,8749,92,81,17,168,234,1315,180,329,73/1425,128,79
url969d1ddca4_compmstr_java_scheme_tgz-pJ8-com_undi_javascheme_JavaSchemeJ8,2652,12,4,0,2,92,397,97,160,122/686,7,4
urlac47192b66_ggrandes_bouncer_tgz-pJ8-org_javastack_bouncer_ClusterTestJ8,5525,91,-,22,22,140,-,22,22,-/-,-,-
url7f15a160d2_timofei7_old_ai_assignments_tgz-pJ8-org_json_TestJ8,6798,120,35,27,53,182,645,113,198,110/923,86,17
url78d0cbe382_TeeAaTeeUu_SitsiPlaseeraus_tgz-pJ8-sitsiplaseeraus_MainJ8,3828,23,73,19,30,50,523,76,64,29/567,34,7
urlaf0069908d_AlexanderAndreev_Parking_tgz-pJ8-com_andreev_parking_controller_RunnerJ8,592,3,3,3,3,4,107,4,4,9/148,8,1
url85460dd114_a2800276_event_java_tgz-pJ8-event_CloseSemanticsTestJ8,1697,7,5,6,63,10,208,11,137,11/590,11,91
url675964e2b9_pentaho_pentaho_commons_json_tgz-pJ8-org_json_TestJ8,3307,41,6,4,54,73,198,45,91,58/409,50,11
url8752fbdeb0_sixtam_args_tgz-pJ8-cz_mff_dpp_args_examples_ConstraintTestJ8,2052,42,74,2,5,57,79,37,55,-/-,60,2
urlb57eb64056_jacadenac_ISI_Othello_UN_tgz-pJ8-othello_OthelloJ8,2450,24,49,11,23,61,349,61,62,54/412,36,3
url8f84d8d956_klapaukh_JTuttePoly_tgz-pJ8-BitTutteJ8,3691,25,27,14,36,69,582,63,85,22/645,9,8
url47fcfc0133_baliosian_tau_fst_tgz-pJ8-uy_edu_fing_mina_fsa_test_old_TestComposition1J8,10029,147,265,75,423,-,1096,156,640,158/1125,108,76
url1f1de5fc71_cooijmanstim_hobo_tgz-pJ8-hobo_TestingEnviromentJ8,5465,103,4,44,125,171,4,134,231,-/-,94,74
urlf91495fd27_Rembau_complie_tgz-pJ8-matcher_MatchJ8,1494,33,26,21,30,49,256,38,46,32/367,29,6
url49fd521e8b_Kineolyan_JSpec_tgz-pJ8-fw_MainJ8,883,1,0,0,16,1 error,135,0,24,0/304,0,10
url2698a2c731_cassandra_project_cassandra_stand_alone_tgz-pJ8-eu_cassandra_sim_MySimpleDynamicScenarioSimulationJ8,6306,117,131,46,170,177,1156,116,263,155/1231,61,34
url9ef4af9ae5_stevenreyn_RegionViewer_tgz-pJ8-net_slreynolds_ds_SecondTestJ8,2465,19,31,12,48,34,360,41,118,39/521,21,31
url85940d3d8e_ccp999_Expr4j_tgz-pJ8-org_boris_expr_util_ExprEvaluatorJ8,11254,200,15,42,436,231,13,250,612,-/-,460,241
urlbf4fd38f68_rduerig_StrategyBDD_tgz-pJ8-com_strategy_util_TestMainJ8,5443,55,117,14,88,95,837,82,184,144/1142,79,75
url55e48746be_isostorm_RPGame_tgz-pJ8-rpg_MainJ8,2417,21,58,8,42,82,406,87,108,24/493,21,14
urld3c7d5e997_dku_rajkumar_java_api_for_amon_tgz-pJ8-org_json_TestJ8,2707,41,6,3,36,62,194,28,60,57/396,59,15
url1d5e9d990f_Telsis_jOCP_tgz-pJ8-com_telsis_jocp_sampleApp_BasicOCPAppJ8,6139,56,0,23,68,169,0,167,202,-/-,55,57
url9a01f43c15_poragchowdhury_securitygame_tgz-pJ8-securitygame_GameMasterJ8,2244,10,80,9,87,28,411,29,95,10/345,5,9
url85e313f409_edugasser_Ascensor_tgz-pJ8-ascensor_MainJ8,832,2,2,0,2,2,152,0,2,1/168,1,2
urlddedf61e88_dwendelen_CG2_1_tgz-pJ8-RendProjectJ8,2395,29,10,5,35,42,385,31,64,19/621,17,22
urlcb91e63e47_alexGalushka_E97_Assignment3_tgz-pJ8-cscie97_asn3_test_TestDriverJ8,3242,60,37,16,76,64,257,30,82,69/625,97,41
urlff74b96b0d_HugoFeng_HospitalProject_tgz-pJ8-hugo_project_hospital_ProjectTestJ8,1631,46,54,26,118,74,291,62,145,85/377,57,18
url9a546dbc59_ojjsaw_448p3_tgz-pJ8-tests_RelOperatorTestJ8,1634,36,35,19,41,60,434,47,65,38/377,11,4
url49526af437_Maria_G_CS325_tgz-pJ8-assignments_farmer_FarmerImplJ8,8823,84,125,34,171,149,1323,144,290,174/1805,63,131
urldac7fd8c97_vitalymaryin_unsafe_utils_tgz-pJ8-org_vit_unsafeutils_TcpTestJ8,1696,19,37,0,0,48,38,0,0,-/-,-,-
url30d916877f_shylux_shyview_tgz-pJ8-org_json_TestJ8,5293,68,27,12,79,152,595,130,182,83/807,83,31
url47087446e9_kellrott_SparqlScape_tgz-pJ8-org_json_TestJ8,4257,62,25,13,83,102,287,79,138,75/504,68,16
url5492781e79_florianpilz_Concurrent_Hash_Collision_tgz-pJ8-main_MainJ8,680,5,2,3,7,11,126,10,13,2/141,2,3
url43a0865bb0_kevinjdolan_darwin_tgz-pJ8-tui_DriverJ8,8363,74,34,48,174,165,34,161,325,-/-,69,65
url529c09a30c_kianyangchn_DriveNow_tgz-pJ8-drivenow_tests_TestJ8,1458,27,30,7,42,27,127,15,51,56/274,47,29
urlc58f2e0b85_xoriole_CEAC_tgz-pJ8-com_sdm_phr_cpabe_CpabeTestJ8,3576,85,25,45,120,910,498,213,238,69/635,93,56
url2a908001cd_malictus_klang_tgz-pJ8-malictus_klang_test_PrimitiveTestJ8,9988,330,20,0,0,601,20,174,321,-/-,-,-
url80587fc7d5_dennervidal_CloudSim_DVFS_tgz-pJ8-Examples_Dvfs_example_simpleJ8,17546,343,-,2,2,642,-,2,2,-/-,-,-
url0d38a10ee7_diegopliebana_GEBT_tgz-pJ8-ch_idsia_scenarios_test_EvolveWithChangingSeedsJ8,23645,219,291,2,2,347,291,87,144,-/-,-,-
url7606378bcc_ljy2010a_protobuf2_tgz-pJ8-com_game_gameObj_bufBuilder_ReflectBuilderJ8,8194,124,49,37,103,152,1346,118,115,275/1596,182,20
urlabf490b498_anilasj_skillmonster_tgz-pJ8-org_json_TestJ8,3826,61,-,4,4,92,-,4,4,-/-,-,-
url72c32f3c54_Quickhull3d_quickhull3d_tgz-pJ8-com_github_quickhull3d_SimpleExampleJ8,2132,38,94,22,65,51,337,38,85,52/363,18,8
url3472127e1f_SergeyKrivohatskiy_tiny_database_tgz-pJ8-ru_spbau_tinydb_bufferManager_IndexTestJ8,6450,76,69,41,100,61,608,60,96,49/1279,158,71
url78eec0e0b6_Orikuro_vic_tgz-pJ8-net_nexon_vindictus_itemcomparer_inport_StaticImportJ8,5545,15,-,97,97,82,-,97,97,-/-,-,-
url4fdf79ae2c_beckchr_juel_tgz-pJ8-de_odysseus_el_samples_xml_sax_XMELFilterJ8,9816,810,7,4,17,894,1829,796,1142,723/2241,504,221
url8af84d296f_mrcosta_gantt_generator_tgz-pJ8-org_gantt_generator_mrcpsp_RunJ8,4488,79,92,9,9,138,92,11,11,-/-,-,-
urlfcb11f5f67_Orchaldir_FantasyWorldSimulation_tgz-pJ8-fws_worldeditor_WorldEditorJ8,1973,11,28,3,14,21,529,13,29,35/517,12,20
url70997c83aa_Xilaew_risiko_tgz-pJ8-risiko_XMI2XMLtransformerJ8,5785,133,66,24,262,251,66,280,581,-/-,260,224
urlc8dbc7ce6e_dlubarov_guava_tgz-pJ8-MainJ8,9134,114,185,31,386,140,1109,94,602,137/1705,95,244
urld2fb1d2b05_thnaeff_Util_tgz-pJ8-ch_thn_util_tests_TreeTestJ8,5719,150,48,59,415,247,48,183,726,-/-,207,219
url4c27590fbe_Hoten_Java_Delaunay_tgz-pJ8-com_hoten_delaunay_examples_TestDriverJ8,2311,90,107,60,117,123,309,123,172,85/314,66,19
urld1e4af3f63_GMIyer_myastro_tgz-pJ8-loader_MatchMakerMainJ8,1203,30,25,17,41,38,94,25,60,28/165,14,4
urlce7759b8da_Palachsuper_EBA4_tgz-pJ8-json_TestJ8,5154,89,12,21,95,128,12,91,147,-/-,95,40
urlc945a4be7c_dburggie_jatrace_tgz-pJ8-renders_EllipseJ8,3822,82,39,33,91,220,636,197,263,32/754,63,33
urld8e41b4f7f_warrenfalk_jbox2dtest_tgz-pJ8-org_jbox2d_testbed_framework_TestbedMainJ8,8562,125,44,27,177,178,390,200,273,23/421,80,85
url5c7c5a5b36_taczge_rdf_store_tgz-pJ8-experiment_SATSolverExperimentJ8,2360,3,25,3,125,20,260,20,155,115/543,3,52
url9ecf1e8297_nhamidi_ninja_tgz-pJ8-net_fec_openrq_test_TestRunnerJ8,9023,27,6,18,32,66,6,65,74,-/-,14,16
urlcf7851e92b_Triploblastic_CSCD350_FinalProject_tgz-pJ8-MazeGame_MazeJ8,1972,34,10,26,40,72,289,81,93,9/341,27,13
url7d636e8121_laforge49_JActor2_tgz-pJ8-org_agilewiki_jactor2_core_revisited_EHJ8,6767,75,82,30,208,123,82,97,342,-/-,130,201
url04f7fcf4e1_peteratt_HDFS_Replication_Simulator_tgz-pJ8-hdfs_replicationsimulator_MainJ8,1592,31,18,26,32,41,417,40,43,13/390,18,11
urld499b6e5aa_HatlessFox_StPatrickSimulation_tgz-pJ8-ru_spbau_sd_MainJ8,943,15,26,0,18,29,275,0,48,10/291,-,26
url64b10c0106_schlabberdog_blocks_tgz-pJ8-com_github_users_schlabberdog_blocks_ui_CliUIJ8,1728,26,-,0,0,42,-,0,0,-/-,-,-
urlcc19a18863_born2snipe_Programming_Game_AI_tgz-pJ8-ch2_msg_MiningTestJ8,1350,9,9,4,82,19,430,14,95,15/477,14,47
url8867e6a4e2_cyberpython_JAwesomeChart_tgz-pJ8-com_gmigdos_jawesomechart_renderers_twodimensional_horizontal_ColumnChartRendererJ8,3141,37,14,3,33,76,545,131,161,26/733,34,19
url75694980d5_fabioalmeid_tp01ftc_tgz-pJ8-agentes_jade_Centralizador_ExemploParserGramaticaCentralizadorJ8,16535,310,62,112,535,475,62,337,984,-/-,471,569
url2114d537a2_ForNeVeR_lanterna_tgz-pJ8-com_googlecode_lanterna_test_gui_DifferentKindsOfListBoxesTestJ8,8417,64,59,12,189,127,1016,112,316,104/1634,92,108
urlaf1bd0a8c7_RoboCafaz_RummyJ_tgz-pJ8-rummyj_BFJ8,1151,6,0,3,49,9,170,9,52,0/276,2,55
url8df97b3310_dbathon_nurikabe_java_tgz-pJ8-dbathon_nurikabe_MainBenchJ8,1337,5,4,2,6,28,197,27,29,10/253,11,7
url542ae48576_tonyheadford_m68k_tgz-pJ8-m68k_MonitorJ8,14173,28,17,6,535,34,2716,28,806,1/3041,13,116
urldee901fae6_DocX_personal_timetabling_tgz-pJ8-net_personaltt_main_BenchmarkJ8,4022,51,61,25,83,157,677,140,215,91/771,56,39
urlc98c3b97d2_Trimax_venta_tgz-pJ8-com_gesoftware_venta_structures_map_MapTestJ8,6868,120,35,36,163,201,35,145,282,-/-,114,109
urle514e161fe_pericodiaz89_NextGen_tgz-pJ8-lib_json_TestJ8,5739,66,31,8,75,136,379,112,159,83/803,65,41
url2df0f7c811_przemekgalazka_legacycode_tgz-pJ8-pl_cc_core_cmd_CommandJ8,8444,275,6,61,375,357,6,176,532,-/-,253,143
url6be695d833_nikoloz_pachuashvili_Patterneria_tgz-pJ8-org_patterneria_MainJ8,759,5,3,4,17,5,86,4,18,9/181,9,17
url748e34f967_Diab1o_java_7z_archiver_tgz-pJ8-com_swemel_sevenzip_TestJ8,3540,32,30,24,44,33,874,29,75,25/839,19,9
urlc58b5c5b73_emiliano_fiuba_2013_2c_7510_tgz-pJ8-test_java_FrameworkTestsJ8,750,2,0,0,6,2,93,0,8,2/210,4,4
url0d084b4168_zhourui392_BaiduPicDown_tgz-pJ8-org_json_TestJ8,3586,53,6,4,62,81,224,40,94,70/452,67,11
url2b9f720f64_jfimbett_QBnB_tgz-pJ8-tests_TestJ8,2797,22,54,16,29,41,567,55,48,66/584,36,3
url647b55da7c_Nikhilkumar13_emuSr_tgz-pJ8-MainJ8,5133,108,79,74,137,237,370,398,321,-/-,80,30
url24d793285d_auzll_gengweibo_tgz-pJ8-org_json_TestJ8,7927,147,46,21,198,220,898,131,293,232/1369,220,54
url3ed4973106_kosmasK_RecordPlayer_tgz-pJ8-es_uc3m_recordplayer_test_TestJ8,3001,66,5,41,141,94,5,80,192,-/-,115,38
urlb54e207112_Ghuillaume_CSA_tgz-pJ8-M0_ApplicationJ8,1107,25,24,9,37,66,138,58,81,46/266,33,14
url47ebb27197_asirbu_CorrectiveEvolution_tgz-pJ8-eu_fbk_soa_evolution_engine_impl_test_ProblemToSMVFuncTestJ8,9999,134,-,194,194,222,-,194,194,-/-,-,-
url863d2ab553_themadcreator_delaunay_tgz-pJ8-org_delaunay_PoissonDiscSamplesDemoJ8,2405,30,16,5,31,48,282,33,68,37/543,38,34
url82787aa7a4_vrthra_v_language_tgz-pJ8-v_VJ8,2259,33,13,18,212,48,13,34,245,-/-,36,42
url27db8982cd_leohinterlang_argFace_tgz-pJ8-com_fidelis_argface_ArgSampleJ8,9382,185,20,41,51,196,1405,381,366,345/1741,326,112
urlac20d257ff_zhongdj_Madz_Stochastic_tgz-pJ8-net_madz_test_stochastic_core_impl_DynamicDemoJ8,2361,20,76,14,37,38,76,35,64,-/-,36,45
url47fb0718db_dopl_bytecast_interp_tgz-pJ8-edu_syr_bytecast_interp_amd64_AMD64ExecutionEngineJ8,1757,32,26,8,32,37,216,26,37,25/268,5,8
url3aa01d34ec_katsuster_ememu_tgz-pJ8-net_katsuster_ememu_ui_MainJ8,14446,21,163,9,110,400,4471,399,554,184/3300,16,118
url088e9d87be_jpush_jpush_java_library_tgz-pJ8-cn_jpush_example_JPushClientExampleJ8,1240,30,42,7,63,30,253,15,66,46/358,33,4
urlc1c8a2efc1_wydler_mdbt_tgz-pJ8-de_hrw_mdbt_CRSJ8,2076,54,24,16,58,108,354,93,118,89/529,122,10
url0307c0e995_js_labs_js_collider_tgz-pJ8-org_jsl_tests_shmem_throughput_MainJ8,12341,181,33,84,268,234,33,254,439,-/-,109,97
url7895f5cfa7_edm92_defaultlogic_tgz-pJ8-be_fnord_DefaultLogic_AppJ8,1742,4,0,4,5,15,155,20,21,1/234,3,5
url8be3f02398_vnamboo_LearnJava_tgz-pJ8-org_json_TestJ8,4975,52,10,8,70,94,419,58,120,69/735,58,41
url147ce07ebe_JoshuaKissoon_Kademlia_tgz-pJ8-kademlia_simulations_RoutingTableStateTestingJ8,4382,14,26,8,77,56,670,56,127,68/867,25,55
url146c819f25_jlink_Parse4SJM_tgz-pJ8-sjm_examples_book_robot_ShowRobotRefactoredJ8,11385,170,24,39,277,259,24,273,519,-/-,168,155
urldf54784279_tonyj321_Root_Play_tgz-pJ8-hep_io_root_output_demo_HistogramDemoJ8,2427,29,82,3,33,46,82,33,50,-/-,50,17
url9512d8fa89_bdkosher_card_games_tgz-pJ8-org_washcom_cardgames_battleroyale_BattleRoyaleGameSimulatorJ8,2596,27,2,8,55,63,103,172,206,-/-,27,36
urlbd77b745af_KokaKiwi_MCLauncher_tgz-pJ8-net_contrapunctus_lzma_BenchmarkJ8,8110,78,118,31,92,156,1351,151,216,110/1306,69,47
url79d4f7c7ed_schanq_Live_Algorithm_tgz-pJ8-algorithms_and_systems_AI_Evolutionary_GeneticAlgorithmJ8,3152,19,25,17,19,44,360,41,44,44/429,27,0
url71665d7d68_branscha_lib_scripty_tgz-pJ8-com_sdicons_scripty_ScriptyAutoReplJ8,11459,140,53,28,249,279,53,205,484,-/-,143,161
url73605095e9_mp1401_misterx_tgz-pJ8-mp1401_examples_misterx_demo_shell_ShellDemoJ8,1930,8,34,3,35,31,34,33,65,-/-,17,45
url74b2be4e76_gurbano_petulant_octo_sudoku_tgz-pJ8-test_testJ8,2785,41,21,19,49,520,839,503,565,37/476,29,32
urlb44e9843ba_QuasimodoNZ_SWEN222_Game_Project_tgz-pJ8-Game_World_GameWorldLevelBuilderJ8,9782,139,67,35,83,228,1007,232,334,150/1033,128,43
url8551e9ebc1_mishika05_Salesforce_DataGen_tgz-pJ8-org_json_TestJ8,4114,44,6,3,53,101,299,68,114,62/506,53,11
url4e79c36700_JacenLakiir_Tivoo_tgz-pJ8-MainJ8,2224,12,7,9,52,88,7,88,176,-/-,12,22
url21b471891f_Agetac_Model_tgz-pJ8-org_json_TestJ8,5242,154,37,21,174,180,341,74,205,140/749,138,18
urld44fdf4fee_nadilsons_reflection_dsl_tgz-pJ8-br_com_bit_ideias_reflection_SimplePerformanceTestJ8,3696,33,19,2,4,74,19,63,119,-/-,57,22
url8e6440c8aa_robdimsdale_project_euler_tgz-pJ8-com_rmd_personal_projecteuler_MainJ8,12700,11,21,11,11,117,2584,117,117,9/835,6,0
urlaeeaf948fe_smcpeak_ded_tgz-pJ8-ded_model_SerializationTestsJ8,11625,113,55,36,156,259,1135,209,308,126/1925,96,35
url70ed135da7_ralfbiedert_jcores_tgz-pJ8-sandbox_SimpleFilterTestJ8,9349,192,16,29,264,333,16,235,545,-/-,195,181
url4c41254592_topskychen_AuthTopk_tgz-pJ8-quickhull3d_QuickHull3DTestJ8,16077,314,-,0,0,472,-,0,0,-/-,-,-
url00509339cf_tedwon_scribe_log4j_appender_tgz-pJ8-com_realtimecep_scribe_ScribeJavaServerJ8,12848,221,108,41,376,267,2493,158,519,307/3156,242,125
urla39b63eb76_tef_pipeline_tgz-pJ8-org_twentygototen_pipeline_ExampleJ8,963,6,5,3,78,13,135,11,97,1/267,12,22
url11fb0973cf_raichuman9_Swimmer526_tgz-pJ8-fr_inria_optimization_cmaes_examples_CMAExample1J8,19145,211,177,98,353,298,177,281,566,-/-,128,186
url8556430df5_saulguillermo_agapi_tgz-pJ8-agapi_impl_ejemplos_IndividuoCombinatorioEjemploJ8,1548,31,33,18,38,32,324,48,43,42/311,23,8
url3426a97ee4_rtreffer_minidns_tgz-pJ8-de_measite_minidns_minidnsrepl_MiniDnsReplJ8,9799,119,2,33,361,157,1141,101,456,-/-,173,118
url0bbb975254_maxime_collin_mediatheque_tgz-pJ8-test_MainJ8,2447,9,9,4,13,8,449,4,16,11/895,11,10
url933dd5727b_AppleLiang_Testing_Project_tgz-pJ8-org_joda_time_chrono_gj_MainTestJ8,52516,2081,1911,1792,1922,2331,5248,2123,2395,247/6647,295,580
url56b1dc76d3_wufunxiang_Libs_tgz-pJ8-org_msgpack_util_TemplatePrecompilerJ8,13164,242,39,3,8,393,39,258,881,-/-,342,234
url433bec1e56_sarobe_DifficultyInvestigation_tgz-pJ8-fr_inria_optimization_cmaes_examples_CMAExample1J8,9844,63,237,41,131,150,237,169,274,-/-,43,58
urlaf656038a0_Salihan04_MOBLIMA_tgz-pJ8-com_moblima_util_dataTestJ8,5680,70,76,21,79,74,713,75,101,159/1079,104,86
url78117c6033_BrianMoths_LittleManManager_tgz-pJ8-littlemangame_LittleManGameJ8,5027,20,50,11,73,185,853,182,249,81/1401,22,64
url7a69e77641_benmouh_MySgbd_tgz-pJ8-Demo_CheckRowNumJ8,7300,99,116,43,161,238,116,192,314,-/-,113,64
urla134d66615_fikr4n_itl_java_tgz-pJ8-example_ExampleJ8,2187,4,0,0,2,4,398,0,2,7/470,10,2
urlcdab7d8364_jrwalsh_CycTools_tgz-pJ8-edu_iastate_cyctools_MainJ8,5890,67,103,31,185,228,844,230,363,98/870,55,35
urla958522fc1_spirosikmd_inmdsy_08_tgz-pJ8-TesterAppJ8,3290,27,52,14,44,151,653,145,176,53/705,28,29
url4aac7e6f55_simon0191_tetris3d_tgz-pJ8-Tetris3dJ8,11589,112,83,58,173,122,1933,105,314,41/2011,50,84
url354ce1a2d1_dagaren_gladiator_chess_tgz-pJ8-es_dagaren_gladiator_main_MainJ8,8237,87,37,36,191,124,1111,128,279,68/1474,79,82
urlc3ca8aa24b_davidsan_rivercityransom_tgz-pJ8-rivercityransom_dirtytests_GangsterTestMainJ8,4759,60,162,32,114,145,1068,154,316,89/748,41,63
url49584c1d41_Arrem_GGS_tgz-pJ8-com_gamezgalaxy_test_console_MainJ8,6745,61,74,0,0,109,75,22,50,-/-,-,-
url5583f3dbb2_XOR19_XScript_tgz-pJ8-xscript_interactive_MainJ8,16980,295,420,93,759,472,3039,329,1436,654/4149,473,394
urlaa051fbd3d_WheezePuppet_collegeDiversity_tgz-pJ8-edu_umw_cpsc_collegediversity_SimJ8,1001,9,4,2,4,14,4,7,9,-/-,8,7
url5e6a51063b_nuigroup_hci_for_java_tgz-pJ8-nui_squirt_demo_DemoSquirtApplicationJ8,2416,19,8,4,57,44,627,48,135,22/781,22,45
urlfb310a588a_alokhan_LinkStateNetworkSimulation_tgz-pJ8-reso_examples_static_routing_DemoJ8,3146,46,53,20,73,87,53,85,118,-/-,62,27
url0980c8326f_TobiasScharnowski_Chess_tgz-pJ8-chess_StartJ8,1730,17,45,14,35,22,369,25,61,55/462,14,35
url294e6c45f3_Ecdosis_NMergeNew_tgz-pJ8-TestJ8,16709,199,459,94,513,317,2436,257,752,357/2477,138,81
urlc4364d0d12_ahmedelmorsy_cafetria_simulation_tgz-pJ8-main_MainJ8,1269,28,17,26,31,37,205,35,42,6/182,4,4
url29ecd5d728_geodb_db3dcore_tgz-pJ8-de_uos_igf_db3d_dbms_model3d_SegmentNetBuilderJ8,20476,419,85,0,672,625,85,2,1020,-/-,-,136
url4b562c5cef_benos_9k_Initial3D_Stage1_tgz-pJ8-nz_net_initial3d_test_TestJ8,5539,18,7,4,42,57,1559,45,156,22/1699,10,112
url20b0f880a5_jgraph_legacy_jgraph5_tgz-pJ8-org_jgraph_example_HelloWorldJ8,52072,1300,4,318,2042,2081,4,1587,4228,-/-,1870,1166
url3f8d6440dd_huiwq1990_CognativeModel_tgz-pJ8-clarion_samples_HelloWorldJ8,8492,285,57,194,385,444,57,406,598,-/-,85,91
urlb534bf3fca_akademi4eg_aka_uvc_tgz-pJ8-net_dtkanov_blocks_core_AppCoreJ8,6155,69,14,37,325,102,1003,156,561,20/784,31,69
url29ff2e53f3_nicolas3470_Settlers_of_Catan_AI_tgz-pJ8-robotGameJ8,50176,798,1006,0,0,1520,1014,1209,1821,-/-,-,-
urla5230a98e3_Dhana_Krishnasamy_InMemoryJMS_tgz-pJ8-com_dhana_broker_demo_AppJ8,3488,30,63,30,47,41,67,41,67,-/-,0,23
urlfcc351a1ba_kuntapavankumar_Z_tgz-pJ8-edu_concordia_dpis_ReplicaTestJ8,2601,38,23,19,62,65,309,63,108,33/502,37,49
url2d0aeba8a7_kobantser_Calculator_tgz-pJ8-com_teamdev_students_calculator_impl_StateMachineCalculatorJ8,1116,14,4,3,27,55,168,45,68,23/221,23,8
url594c007908_hugobraga_College_tgz-pJ8-main_GraphJ8,2356,22,44,12,28,36,445,39,52,32/436,22,11
url888b6fd9b4_jmacglashan_commandsToTasks_tgz-pJ8-commands_tests_Model3TestsJ8,10898,93,175,65,263,196,1506,201,424,134/2150,73,49
url8c14fd53ee_luca89_itaco_tgz-pJ8-main_RunnerJ8,3657,13,385,6,61,132,385,123,198,-/-,11,15
url5681492665_ArgParser_Java_ArgParser_tgz-pJ8-org_argparser_ArgParserTestJ8,2886,212,25,23,225,219,314,41,265,49/402,52,43
url9582d546a9_twentylemon_sudoku_generator_tgz-pJ8-sudoku_Top95J8,1871,18,13,10,25,134,13,128,143,-/-,15,13
urlcaef331f4e_dreamable_cra_tgz-pJ8-coho_lp_project_LPProjectJ8,17497,167,122,2,529,284,127,2,1067,-/-,-,306
url633772aa30_isma3l_Tp2_tgz-pJ8-ar_fiuba_tecnicas_framework_Pruebas_Casos1_MainJ8,1094,19,14,8,21,19,143,13,21,11/322,25,4
url7f43a4752f_shalynnho_pokemonfactory_tgz-pJ8-Networking_ServerJ8,14493,308,7,227,462,496,7,704,715,-/-,263,184
url8417b1b213_Ratchette_Rummikub_tgz-pJ8-rummikub_RummikubJ8,1630,25,23,17,24,60,225,74,70,22/243,11,3
urld856362767_hpdcj_PCJ_tgz-pJ8-org_pcj_test_StorageExampleMainJ8,6223,88,32,16,47,161,32,157,209,-/-,109,60
url2b4a2d655b_Yehonal_unisa_prog2_jdm_tgz-pJ8-com_jdeals_tests_TestUserBuyingJ8,4297,34,41,10,46,230,773,218,250,44/796,23,17
url60801aaae5_yurgenbeerman_JavaOOP_with_Maven_tgz-pJ8-edu_services_PublicServiceDemoJ8,4332,60,-,0,0,120,-,0,0,-/-,-,-
url8b434243b7_ondrasej_GPlan_tgz-pJ8-PlanningProblemTestJ8,1801,47,52,17,38,66,222,45,59,66/275,31,6
url632301a43b_octomarat_Drunkard_tgz-pJ8-ru_drunkard_game_DrunkardTheGameJ8,1010,16,7,5,52,23,266,11,91,16/477,11,70
urlb090c33e5e_vikrambindal_mongodb_tgz-pJ8-vikram_demo_main_BlogDemoMainJ8,446,8,9,3,7,8,71,20,7,26/137,36,1
url80e39b1957_tobikster_IJN_headers_recognition_tgz-pJ8-org_maltparser_examples_CreatePhraseStructureGraphJ8,33445,719,16,412,1473,1379,16,1390,2680,-/-,925,538